/*==================================================================
Database name:  Database
DBMS name:      ORACLE Version 12c Express Edition
Created on:     12/01/2021
Created by:     Grupo 3 - Ingenieria de Software
/*==================================================================*/

spool DDL_PARAMETRIZACION_INICIAL.log

-- ====================================================
-- CREACION DEL USUARIO MASCOTAS
-- ====================================================
CREATE USER mascotas IDENTIFIED BY COREinsidei7;


GRANT CONNECT, RESOURCE TO mascotas;
GRANT CREATE ANY TABLE, RESOURCE TO mascotas;
GRANT SELECT ANY TABLE, RESOURCE TO mascotas;
GRANT INSERT ANY TABLE, RESOURCE TO mascotas;
GRANT ALTER ANY TABLE, RESOURCE TO mascotas;
GRANT ALTER ANY INDEX, RESOURCE TO mascotas;
GRANT CREATE VIEW TO mascotas;

ALTER USER mascotas IDENTIFIED BY COREinsidei7 ACCOUNT UNLOCK;
CONNECT mascotas/COREinsidei7;


-- USUARIOS
CREATE TABLE MASCOTAS.TUSUARIO 
    (CUSUARIO NUMBER(4,0),
    IDENTIFICACION VARCHAR2(16) NOT NULL,
    NOMBRES VARCHAR2(120) NOT NULL,
    APELLIDOS VARCHAR2(120) NOT NULL,
    USUARIO VARCHAR2(30) NOT NULL,
    PASSWORD VARCHAR2(120),
    DIRECCION varchar2(300),
    PROVINCIA varchar2(30),
    CIUDAD varchar2(30),
    TELEFONO varchar2(16),
    CORREO VARCHAR2(120),
    GENERO VARCHAR2(1),
    FOTO BLOB,
    ESTADO VARCHAR2(3),
    ACTIVO NUMBER(1,0));

ALTER TABLE MASCOTAS.TUSUARIO ADD CONSTRAINT PK_CUSUARIO PRIMARY KEY (CUSUARIO);    

COMMENT ON TABLE MASCOTAS.TUSUARIO IS 'Tabla de Usuarios';
COMMENT ON COLUMN MASCOTAS.TUSUARIO.CUSUARIO IS 'Codigo de usuario';
COMMENT ON COLUMN MASCOTAS.TUSUARIO.IDENTIFICACION IS 'Identificacion del usuario';
COMMENT ON COLUMN MASCOTAS.TUSUARIO.NOMBRES IS 'Nombres del usuario';
COMMENT ON COLUMN MASCOTAS.TUSUARIO.APELLIDOS IS 'Apellidos del usuario';
COMMENT ON COLUMN MASCOTAS.TUSUARIO.USUARIO IS 'Usuario de cuenta del sistema';
COMMENT ON COLUMN MASCOTAS.TUSUARIO.PASSWORD IS 'Password de cuenta del sistema';
COMMENT ON COLUMN MASCOTAS.TUSUARIO.DIRECCION IS 'Direccion de domicilio del usuario';
COMMENT ON COLUMN MASCOTAS.TUSUARIO.PROVINCIA IS 'Provincia de la direccion';
COMMENT ON COLUMN MASCOTAS.TUSUARIO.CIUDAD IS 'Ciudad de la direccion';
COMMENT ON COLUMN MASCOTAS.TUSUARIO.TELEFONO IS 'Telefono de contacto dle usuario';
COMMENT ON COLUMN MASCOTAS.TUSUARIO.CORREO IS 'Correo institucional del usuario';
COMMENT ON COLUMN MASCOTAS.TUSUARIO.GENERO IS 'Genero del usuario - M:HOMBRE  F:MUJER';
COMMENT ON COLUMN MASCOTAS.TUSUARIO.FOTO IS 'Foto del usuario';
COMMENT ON COLUMN MASCOTAS.TUSUARIO.ESTADO IS 'Estado del usuario ACT:ACTIVO BLQ:BLOQUEADO CER:CERRADO INA:INACTIVO';
COMMENT ON COLUMN MASCOTAS.TUSUARIO.ACTIVO IS 'Estado del usuario - 1:ACTIVO  0:INACTIVO';
 
 
-- PREGUNTAS
CREATE TABLE MASCOTAS.TPREGUNTA 
    (CPREGUNTA NUMBER(4,0),
    PREGUNTA VARCHAR2(100) NOT NULL,
    ACTIVO NUMBER(1,0));
    
ALTER TABLE MASCOTAS.TPREGUNTA ADD CONSTRAINT PK_CPREGUNTA PRIMARY KEY (CPREGUNTA);    

COMMENT ON TABLE MASCOTAS.TPREGUNTA IS 'Tabla de Preguntas de Seguridad';
COMMENT ON COLUMN MASCOTAS.TPREGUNTA.CPREGUNTA IS 'Codigo de pregunta';
COMMENT ON COLUMN MASCOTAS.TPREGUNTA.PREGUNTA IS 'Descripcion de la pregunta';
COMMENT ON COLUMN MASCOTAS.TPREGUNTA.ACTIVO IS 'Estado del usuario - 1:ACTIVO  0:INACTIVO';


-- ROLES
CREATE TABLE MASCOTAS.TROL 
    (CROL NUMBER(4,0),
     NOMBRE VARCHAR2(40) NOT NULL,
     DESCRIPCION  VARCHAR2(100) NOT NULL,
     ACTIVO NUMBER(1,0));

ALTER TABLE MASCOTAS.TROL ADD CONSTRAINT PK_CROL PRIMARY KEY (CROL); 

COMMENT ON TABLE MASCOTAS.TROL IS 'Tabla de Roles del sistema';
COMMENT ON COLUMN MASCOTAS.TROL.CROL IS 'Codigo de rol';
COMMENT ON COLUMN MASCOTAS.TROL.NOMBRE IS 'Nombre del rol';
COMMENT ON COLUMN MASCOTAS.TROL.DESCRIPCION IS 'Descripcion del rol';
COMMENT ON COLUMN MASCOTAS.TROL.ACTIVO IS 'Estado del rol - 1:ACTIVO  0:INACTIVO';


-- ROLES USUARIO
CREATE TABLE MASCOTAS.TROLUSUARIO 
    (CROL NUMBER(4,0),
    CUSUARIO NUMBER(4,0),
    ACTIVO NUMBER(1,0));

ALTER TABLE MASCOTAS.TROLUSUARIO ADD CONSTRAINT FK_TRUCROL FOREIGN KEY (CROL) REFERENCES MASCOTAS.TROL(CROL); 
ALTER TABLE MASCOTAS.TROLUSUARIO ADD CONSTRAINT FK_TRUCUSUARIO FOREIGN KEY (CUSUARIO) REFERENCES MASCOTAS.TUSUARIO(CUSUARIO); 

COMMENT ON TABLE MASCOTAS.TROLUSUARIO IS 'Tabla de usuarios asignados a un rol';
COMMENT ON COLUMN MASCOTAS.TROLUSUARIO.CROL IS 'Codigo del rol';
COMMENT ON COLUMN MASCOTAS.TROLUSUARIO.CUSUARIO IS 'Codigo de usuario';
COMMENT ON COLUMN MASCOTAS.TROLUSUARIO.ACTIVO IS 'Estado de la relacion rol-usuario - 1:ACTIVO  0:INACTIVO';


-- PREGUNTAS USUARIO
CREATE TABLE MASCOTAS.TPREGUNTASUSUARIO 
    (CPREGUNTA NUMBER(4,0),
    CUSUARIO NUMBER(4,0),
    RESPUESTA VARCHAR2(100),
    FMODIFICACION TIMESTAMP(6),
    CUSUARIO_MODIFICACION NUMBER(4,0),
    ACTIVO NUMBER(1,0));

ALTER TABLE MASCOTAS.TPREGUNTASUSUARIO ADD CONSTRAINT FK_TPUCPREGUNTA FOREIGN KEY (CPREGUNTA) REFERENCES MASCOTAS.TPREGUNTA(CPREGUNTA); 
ALTER TABLE MASCOTAS.TPREGUNTASUSUARIO ADD CONSTRAINT FK_TPUCUSUARIO FOREIGN KEY (CUSUARIO) REFERENCES MASCOTAS.TUSUARIO(CUSUARIO); 

COMMENT ON TABLE MASCOTAS.TPREGUNTASUSUARIO IS 'Tabla de preguntas respondidas por un usuario';
COMMENT ON COLUMN MASCOTAS.TPREGUNTASUSUARIO.CPREGUNTA IS 'Codigo de Pregunta';
COMMENT ON COLUMN MASCOTAS.TPREGUNTASUSUARIO.CUSUARIO IS 'Codigo de usuario';
COMMENT ON COLUMN MASCOTAS.TPREGUNTASUSUARIO.RESPUESTA IS 'Respuesta a la pregunta de seguridad';
COMMENT ON COLUMN MASCOTAS.TPREGUNTASUSUARIO.FMODIFICACION IS 'Fecha de modificacion del registro';
COMMENT ON COLUMN MASCOTAS.TPREGUNTASUSUARIO.CUSUARIO_MODIFICACION IS 'Codigo de usuario de modificacion del registro';
COMMENT ON COLUMN MASCOTAS.TPREGUNTASUSUARIO.ACTIVO IS 'Estado de la relacion rol-usuario - 1:ACTIVO  0:INACTIVO';


-- SESIONES
CREATE TABLE MASCOTAS.TSESION 
    (IDSESION NUMBER(8,0),
     USUARIO VARCHAR2(30),
     FINICIOSESION TIMESTAMP,
     FFINSESION TIMESTAMP,
     RESULTADO VARCHAR2(100),
     SISTEMA VARCHAR2(100),
     CUSUARIO NUMBER(4,0),
     CROL NUMBER(4,0));

ALTER TABLE MASCOTAS.TSESION ADD CONSTRAINT PK_IDSESION PRIMARY KEY (IDSESION); 

COMMENT ON TABLE MASCOTAS.TSESION IS 'Tabla de Sesiones del sistema';
COMMENT ON COLUMN MASCOTAS.TSESION.IDSESION IS 'Identificador de la sesion';
COMMENT ON COLUMN MASCOTAS.TSESION.USUARIO IS 'Usuario de cuenta del sistema';
COMMENT ON COLUMN MASCOTAS.TSESION.FINICIOSESION IS 'Fecha y hora de inicion de Sesion del usuario';
COMMENT ON COLUMN MASCOTAS.TSESION.FFINSESION IS 'Fecha y hora de fin de Sesion del usuario';
COMMENT ON COLUMN MASCOTAS.TSESION.RESULTADO IS 'Resultado del login del usuario';
COMMENT ON COLUMN MASCOTAS.TSESION.SISTEMA IS 'Informacion del sistema';
COMMENT ON COLUMN MASCOTAS.TSESION.CUSUARIO IS 'Codigo de usuario';
COMMENT ON COLUMN MASCOTAS.TSESION.CROL IS 'Codigo de rol';


-- AUDITORIA
CREATE TABLE MASCOTAS.TAUDITORIA 
    (CAUDITORIA NUMBER(8,0),
     FREAL TIMESTAMP NOT NULL,
     TIPO VARCHAR2(50),
     ACCIONUSUARIO VARCHAR2(200),
     DETALLEACCION VARCHAR2(500),
     RESULTADO VARCHAR2(100),
     IDSESION NUMBER(8,0));

ALTER TABLE MASCOTAS.TAUDITORIA ADD CONSTRAINT PK_CAUDITORIA PRIMARY KEY (CAUDITORIA); 
ALTER TABLE MASCOTAS.TAUDITORIA ADD CONSTRAINT FK_TAUIDSESION FOREIGN KEY (IDSESION) REFERENCES MASCOTAS.TSESION(IDSESION); 

COMMENT ON TABLE MASCOTAS.TAUDITORIA IS 'Tabla de Auditoria del sistema';
COMMENT ON COLUMN MASCOTAS.TAUDITORIA.CAUDITORIA IS 'Codigo de auditoria';
COMMENT ON COLUMN MASCOTAS.TAUDITORIA.FREAL IS 'Fecha y hora de la accion del usuario';
COMMENT ON COLUMN MASCOTAS.TAUDITORIA.TIPO IS 'Tpo de accion realizada por el usuario';
COMMENT ON COLUMN MASCOTAS.TAUDITORIA.ACCIONUSUARIO IS 'Accion realizada por el usuario';
COMMENT ON COLUMN MASCOTAS.TAUDITORIA.DETALLEACCION IS 'Detalle de la accion realizada en la Base de Datos';
COMMENT ON COLUMN MASCOTAS.TAUDITORIA.RESULTADO IS 'Resultado de la accion del usuario';
COMMENT ON COLUMN MASCOTAS.TAUDITORIA.IDSESION IS 'Identificador de la sesion';


-- CATALOGO
CREATE TABLE MASCOTAS.TCATALOGO 
    (CCATALOGO NUMBER(4,0),
     NOMBRE VARCHAR2(40) NOT NULL,
     DESCRIPCION  VARCHAR2(100) NOT NULL,
     ACTIVO NUMBER(1,0));

ALTER TABLE MASCOTAS.TCATALOGO ADD CONSTRAINT PK_CCATALOGO PRIMARY KEY (CCATALOGO); 

COMMENT ON TABLE MASCOTAS.TCATALOGO IS 'Tabla de Roles del sistema';
COMMENT ON COLUMN MASCOTAS.TCATALOGO.CCATALOGO IS 'Codigo de catalogo';
COMMENT ON COLUMN MASCOTAS.TCATALOGO.NOMBRE IS 'Nombre del catalogo';
COMMENT ON COLUMN MASCOTAS.TCATALOGO.DESCRIPCION IS 'Descripcion del catalogo';
COMMENT ON COLUMN MASCOTAS.TCATALOGO.ACTIVO IS 'Estado del catalogo - 1:ACTIVO  0:INACTIVO';


-- ITEM
CREATE TABLE MASCOTAS.TITEM
    (CITEM NUMBER(4,0),
     NOMBRE VARCHAR2(40) NOT NULL,
     CODIGO VARCHAR2(4),
     CODIGOPADRE VARCHAR2(4),
     ACTIVO NUMBER(1,0),
     CCATALOGO NUMBER(4,0));

ALTER TABLE MASCOTAS.TITEM ADD CONSTRAINT PK_CITEM PRIMARY KEY (CITEM); 
ALTER TABLE MASCOTAS.TITEM ADD CONSTRAINT FK_TICCCATALOGO FOREIGN KEY (CCATALOGO) REFERENCES MASCOTAS.TCATALOGO(CCATALOGO); 

COMMENT ON TABLE MASCOTAS.TITEM IS 'Tabla de Roles del sistema';
COMMENT ON COLUMN MASCOTAS.TITEM.CITEM IS 'Codigo interno de item';
COMMENT ON COLUMN MASCOTAS.TITEM.NOMBRE IS 'Nombre del item';
COMMENT ON COLUMN MASCOTAS.TITEM.CODIGO IS 'Codigo del item para guardado en BD';
COMMENT ON COLUMN MASCOTAS.TITEM.CODIGOPADRE IS 'Codigo padre del item para establecer una dependencia - si es nulo no tienen ningun padre';
COMMENT ON COLUMN MASCOTAS.TITEM.ACTIVO IS 'Estado del item - 1:ACTIVO  0:INACTIVO';
COMMENT ON COLUMN MASCOTAS.TITEM.CCATALOGO IS 'Codigo de catalogo';


-- MASCOTAS
CREATE TABLE MASCOTAS.TMASCOTA 
    (CMASCOTA NUMBER(4,0),
    NOMBRE VARCHAR2(120) NOT NULL,
    TIPOMASCOTA NUMBER(2) NOT NULL,
    EDAD NUMBER(2,0) NOT NULL,
    UNIDADEDAD VARCHAR2(10) NOT NULL,
    GENERO VARCHAR2(1) NOT NULL,
    DESCRIPCION VARCHAR2(500),   
    CUSUARIOPUBLICACION NUMBER(4,0) NOT NULL,
    FPUBLICACION DATE NOT NULL,
    ESTADO VARCHAR2(1),
    ACTIVO NUMBER(1,0));
	
    
ALTER TABLE MASCOTAS.TMASCOTA ADD CONSTRAINT PK_CMASCOTA PRIMARY KEY (CMASCOTA);    

COMMENT ON TABLE MASCOTAS.TMASCOTA IS 'Tabla de Mascotas';
COMMENT ON COLUMN MASCOTAS.TMASCOTA.CMASCOTA IS 'Codigo de mascota';
COMMENT ON COLUMN MASCOTAS.TMASCOTA.NOMBRE IS 'Nombre de la mascota';
COMMENT ON COLUMN MASCOTAS.TMASCOTA.TIPOMASCOTA IS 'Tipo de mascota 1:PERRO 2:GATO 3:TORTUGA 4:PEZ 5:HAMSTER 6:MONO 7:IGUANA 99:OTRO';
COMMENT ON COLUMN MASCOTAS.TMASCOTA.EDAD IS 'Edad de la mascota';
COMMENT ON COLUMN MASCOTAS.TMASCOTA.UNIDADEDAD IS 'Unidad para la edad de la mascota - meses o años';
COMMENT ON COLUMN MASCOTAS.TMASCOTA.GENERO IS 'Genero de la mascota - M:MACHO  H:HEMBRA N:NO DEFINIDO';
COMMENT ON COLUMN MASCOTAS.TMASCOTA.DESCRIPCION IS 'Descripcion de la mascota';
COMMENT ON COLUMN MASCOTAS.TMASCOTA.CUSUARIOPUBLICACION IS 'Codigo de usuario que publica la mascota';
COMMENT ON COLUMN MASCOTAS.TMASCOTA.FPUBLICACION IS 'Fecha que se publica la mascota';
COMMENT ON COLUMN MASCOTAS.TMASCOTA.ESTADO IS 'Estado de la mascota D:DISPONIBLE A:ADOPTADO R:DEVUELTA';
COMMENT ON COLUMN MASCOTAS.TMASCOTA.ACTIVO IS 'Estado del registro de mascota - 1:ACTIVO  0:INACTIVO';


-- IMAGEN MASCOTAS
CREATE TABLE MASCOTAS.TIMAGENMASCOTA
    (CIMAGEN NUMBER(4,0),
    IMAGEN VARCHAR2(120) NOT NULL,
    CMASCOTA BLOB NOT NULL,
    ACTIVO NUMBER(1,0));
	
    
ALTER TABLE MASCOTAS.TMASCOTA ADD CONSTRAINT PK_CIMAGEN PRIMARY KEY (CIMAGEN);    

COMMENT ON TABLE MASCOTAS.TIMAGENMASCOTA IS 'Tabla de Imagenes de Mascotas';
COMMENT ON COLUMN MASCOTAS.TIMAGENMASCOTA.CIMAGEN IS 'Codigo de imagen';
COMMENT ON COLUMN MASCOTAS.TIMAGENMASCOTA.IMAGEN IS 'Imagen de la mascota';
COMMENT ON COLUMN MASCOTAS.TIMAGENMASCOTA.CMASCOTA IS 'Codigo de mascota';
COMMENT ON COLUMN MASCOTAS.TIMAGENMASCOTA.ACTIVO IS 'Estado del registro de imagen - 1:ACTIVO  0:INACTIVO';


-- ADOPCIONES
CREATE TABLE MASCOTAS.TADOPCION 
    (CADOPCION NUMBER(4,0),
     CMASCOTA NUMBER(4,0),
     CUSUARIOADOPCION NUMBER(4,0),
     FADOPCION DATE NOT NULL,
     IDSESION NUMBER(8,0),
     ESTADOADOPCION VARCHAR(3),
     ACTIVO NUMBER(1,0));

ALTER TABLE MASCOTAS.TADOPCION ADD CONSTRAINT PK_CADOPCION PRIMARY KEY (CADOPCION);  

COMMENT ON TABLE MASCOTAS.TADOPCION IS 'Tabla de Adopciones de Mascotas';
COMMENT ON COLUMN MASCOTAS.TADOPCION.CADOPCION IS 'Codigo de adopcion';
COMMENT ON COLUMN MASCOTAS.TADOPCION.CMASCOTA IS 'Codigo de mascota';
COMMENT ON COLUMN MASCOTAS.TADOPCION.CUSUARIOADOPCION IS 'Codigo de usuario que realiza la adopcion';
COMMENT ON COLUMN MASCOTAS.TADOPCION.FADOPCION IS 'Fecha que se realiza la adopcion';
COMMENT ON COLUMN MASCOTAS.TADOPCION.IDSESION IS 'Identificador de la sesion';
COMMENT ON COLUMN MASCOTAS.TADOPCION.ESTADOADOPCION IS 'Estado del usuario ING:MASCOTA ADOPTADA  PRO:MASCOTA YA EN NUEVO HOGAR ANU:ADOPCION ANULADA DEV:ADOPCION DEVUELTA';
COMMENT ON COLUMN MASCOTAS.TADOPCION.ACTIVO IS 'Estado del registro de adopcion - 1:ACTIVO  0:INACTIVO';


-- ====================================================
-- DATOS INICIALES
-- ====================================================

-- ROLES
INSERT INTO MASCOTAS.TROL (CROL,NOMBRE,DESCRIPCION,ACTIVO) VALUES (1001,'administrador','Administrador del Sistema',1);
INSERT INTO MASCOTAS.TROL (CROL,NOMBRE,DESCRIPCION,ACTIVO) VALUES (1002,'adopcion','Usuario de Adopciones',1);

INSERT INTO MASCOTAS.TPREGUNTA (CPREGUNTA,PREGUNTA,ACTIVO) VALUES (1,'¿Cual es el nombre de su abuela materna?',1);
INSERT INTO MASCOTAS.TPREGUNTA (CPREGUNTA,PREGUNTA,ACTIVO) VALUES (2,'¿Cual fue la marca de su primer vehiculo?',1);
INSERT INTO MASCOTAS.TPREGUNTA (CPREGUNTA,PREGUNTA,ACTIVO) VALUES (3,'¿Cual es su color favorito?',1);
INSERT INTO MASCOTAS.TPREGUNTA (CPREGUNTA,PREGUNTA,ACTIVO) VALUES (4,'¿Cual es su comida preferida?',1);
INSERT INTO MASCOTAS.TPREGUNTA (CPREGUNTA,PREGUNTA,ACTIVO) VALUES (5,'¿Cual es su fruta preferida?',0);
INSERT INTO MASCOTAS.TPREGUNTA (CPREGUNTA,PREGUNTA,ACTIVO) VALUES (6,'¿Cual fue el nombre de su primera mascota?',0);


INSERT INTO MASCOTAS.TUSUARIO (CUSUARIO,IDENTIFICACION,NOMBRES,APELLIDOS,USUARIO,PASSWORD,ESTADO,CORREO,GENERO,ACTIVO) VALUES (2001,'0104257910','Cristian Paul','Espinoza Lopez','admin','sx9VseRNXSUpKMyeS6xlzO6xAh6sSAHsJge0Dk5J/Zo=','ACT','cpespinoza@utpl.edu.ec','H',1);  --1nt3lC0r3.2019*$
INSERT INTO MASCOTAS.TROLUSUARIO (CUSUARIO,CROL,ACTIVO) VALUES (2001,1001,1);
INSERT INTO MASCOTAS.TPREGUNTASUSUARIO (CPREGUNTA,CUSUARIO,RESPUESTA,FMODIFICACION,CUSUARIO_MODIFICACION,ACTIVO) VALUES (1,2001,'UhhY4aXVICpOLApeOrDFeg==',SYSTIMESTAMP,2001,'1'); --ALICIA
INSERT INTO MASCOTAS.TPREGUNTASUSUARIO (CPREGUNTA,CUSUARIO,RESPUESTA,FMODIFICACION,CUSUARIO_MODIFICACION,ACTIVO) VALUES (2,2001,'nO8yE1Q8PI77v5QlEzMEkA==',SYSTIMESTAMP,2001,'1'); --RENAULT
INSERT INTO MASCOTAS.TPREGUNTASUSUARIO (CPREGUNTA,CUSUARIO,RESPUESTA,FMODIFICACION,CUSUARIO_MODIFICACION,ACTIVO) VALUES (3,2001,'rb8tv+mLENtqWBDSnfCteQ==',SYSTIMESTAMP,2001,'1'); --AZUL
INSERT INTO MASCOTAS.TPREGUNTASUSUARIO (CPREGUNTA,CUSUARIO,RESPUESTA,FMODIFICACION,CUSUARIO_MODIFICACION,ACTIVO) VALUES (4,2001,'helclddISVRlLMO/r+V9Tw==',SYSTIMESTAMP,2001,'1'); --CHAULAFAN


-- ====================================================
-- DATOS DE EJEMPLO
-- ====================================================

--USUARIOS
INSERT INTO MASCOTAS.TUSUARIO (CUSUARIO,IDENTIFICACION,NOMBRES,APELLIDOS,USUARIO,PASSWORD,ESTADO,CORREO,GENERO,ACTIVO) VALUES (2002,'0104552831','Claudia Jeaneth','Crespo Calle','jcrespo','e6sqp2UeiqpBxV7NDuUXIyKnsNyz7435sn0yMyJhZac=','BLQ','jcrespo@salud.com.ec','M',1);  --S3rv1d0r.100.28-J3P

INSERT INTO MASCOTAS.TPREGUNTASUSUARIO (CPREGUNTA,CUSUARIO,RESPUESTA,FMODIFICACION,CUSUARIO_MODIFICACION,ACTIVO) VALUES (1,2002,'gNZmCvNDJQFIE99eqhh4oA==',SYSTIMESTAMP,2001,'1'); --MAMITA TRELLES
INSERT INTO MASCOTAS.TPREGUNTASUSUARIO (CPREGUNTA,CUSUARIO,RESPUESTA,FMODIFICACION,CUSUARIO_MODIFICACION,ACTIVO) VALUES (2,2002,'nO8yE1Q8PI77v5QlEzMEkA==',SYSTIMESTAMP,2001,'1'); --RENAULT
INSERT INTO MASCOTAS.TPREGUNTASUSUARIO (CPREGUNTA,CUSUARIO,RESPUESTA,FMODIFICACION,CUSUARIO_MODIFICACION,ACTIVO) VALUES (3,2002,'xmFjLNusf7A/zgGJtFl+6w==',SYSTIMESTAMP,2001,'1'); --ROSADO
INSERT INTO MASCOTAS.TPREGUNTASUSUARIO (CPREGUNTA,CUSUARIO,RESPUESTA,FMODIFICACION,CUSUARIO_MODIFICACION,ACTIVO) VALUES (4,2002,'TuxR+CYwC17gZXRnERjqCg==',SYSTIMESTAMP,2001,'1'); --MARISCOS


-- ROLES POR USUARIO
INSERT INTO MASCOTAS.TROLUSUARIO (CUSUARIO,CROL,ACTIVO) VALUES (2001,1002,1);
INSERT INTO MASCOTAS.TROLUSUARIO (CUSUARIO,CROL,ACTIVO) VALUES (2002,1002,1);


-- CATALOGOS
INSERT INTO MASCOTAS.TCATALOGO (CCATALOGO,NOMBRE,DESCRIPCION,ACTIVO) VALUES (5001,'UNIDADES','Especifica las unidades medidas de edad',1);
INSERT INTO MASCOTAS.TCATALOGO (CCATALOGO,NOMBRE,DESCRIPCION,ACTIVO) VALUES (5002,'PROVINCIAS','Especifica provincias de un sistema',1);
INSERT INTO MASCOTAS.TCATALOGO (CCATALOGO,NOMBRE,DESCRIPCION,ACTIVO) VALUES (5003,'CIUDADES','Especifica ciudades del sistema',1);
INSERT INTO MASCOTAS.TCATALOGO (CCATALOGO,NOMBRE,DESCRIPCION,ACTIVO) VALUES (5004,'GENERO','Especifica el genero de una persona',1);
INSERT INTO MASCOTAS.TCATALOGO (CCATALOGO,NOMBRE,DESCRIPCION,ACTIVO) VALUES (5005,'ACTIVO','Especifica si un elemento esta activo',1);
INSERT INTO MASCOTAS.TCATALOGO (CCATALOGO,NOMBRE,DESCRIPCION,ACTIVO) VALUES (5006,'ESTADOMASCOTA','Especifica los estados de una mascota',1);
INSERT INTO MASCOTAS.TCATALOGO (CCATALOGO,NOMBRE,DESCRIPCION,ACTIVO) VALUES (5007,'TIPOMASCOTA','Especifica los tipos de mascota',1);
INSERT INTO MASCOTAS.TCATALOGO (CCATALOGO,NOMBRE,DESCRIPCION,ACTIVO) VALUES (5008,'GENEROMASCOTA','Especifica el genero de una mascota',1);
INSERT INTO MASCOTAS.TCATALOGO (CCATALOGO,NOMBRE,DESCRIPCION,ACTIVO) VALUES (5009,'ESTADOADOPCION','Especifica los estados de adopcion de una mascota',1);
INSERT INTO MASCOTAS.TCATALOGO (CCATALOGO,NOMBRE,DESCRIPCION,ACTIVO) VALUES (5010,'ESTADOUSUARIO','Especifica los estados de un usuario',1);

-- ITEMS CATALOGO
INSERT INTO MASCOTAS.TITEM (CITEM,NOMBRE,CODIGO,CODIGOPADRE,ACTIVO,CCATALOGO) VALUES (6001,'AZUAY','01',NULL,1,5002);
INSERT INTO MASCOTAS.TITEM (CITEM,NOMBRE,CODIGO,CODIGOPADRE,ACTIVO,CCATALOGO) VALUES (6002,'BOLIVAR','02',NULL,1,5002);
INSERT INTO MASCOTAS.TITEM (CITEM,NOMBRE,CODIGO,CODIGOPADRE,ACTIVO,CCATALOGO) VALUES (6003,'CANAR','03',NULL,1,5002);
INSERT INTO MASCOTAS.TITEM (CITEM,NOMBRE,CODIGO,CODIGOPADRE,ACTIVO,CCATALOGO) VALUES (6004,'CARCHI','04',NULL,1,5002);
INSERT INTO MASCOTAS.TITEM (CITEM,NOMBRE,CODIGO,CODIGOPADRE,ACTIVO,CCATALOGO) VALUES (6005,'COTOPAXI','05',NULL,1,5002);
INSERT INTO MASCOTAS.TITEM (CITEM,NOMBRE,CODIGO,CODIGOPADRE,ACTIVO,CCATALOGO) VALUES (6006,'CHIMBORAZO','06',NULL,1,5002);
INSERT INTO MASCOTAS.TITEM (CITEM,NOMBRE,CODIGO,CODIGOPADRE,ACTIVO,CCATALOGO) VALUES (6007,'EL ORO','07',NULL,1,5002);
INSERT INTO MASCOTAS.TITEM (CITEM,NOMBRE,CODIGO,CODIGOPADRE,ACTIVO,CCATALOGO) VALUES (6008,'ESMERALDAS','08',NULL,1,5002);
INSERT INTO MASCOTAS.TITEM (CITEM,NOMBRE,CODIGO,CODIGOPADRE,ACTIVO,CCATALOGO) VALUES (6009,'GUAYAS','09',NULL,1,5002);
INSERT INTO MASCOTAS.TITEM (CITEM,NOMBRE,CODIGO,CODIGOPADRE,ACTIVO,CCATALOGO) VALUES (6010,'IMBABURA','10',NULL,1,5002);
INSERT INTO MASCOTAS.TITEM (CITEM,NOMBRE,CODIGO,CODIGOPADRE,ACTIVO,CCATALOGO) VALUES (6011,'LOJA','11',NULL,1,5002);
INSERT INTO MASCOTAS.TITEM (CITEM,NOMBRE,CODIGO,CODIGOPADRE,ACTIVO,CCATALOGO) VALUES (6012,'LOS RIOS','12',NULL,1,5002);
INSERT INTO MASCOTAS.TITEM (CITEM,NOMBRE,CODIGO,CODIGOPADRE,ACTIVO,CCATALOGO) VALUES (6013,'MANABI','13',NULL,1,5002);
INSERT INTO MASCOTAS.TITEM (CITEM,NOMBRE,CODIGO,CODIGOPADRE,ACTIVO,CCATALOGO) VALUES (6014,'MORONA SANTIAGO','14',NULL,1,5002);
INSERT INTO MASCOTAS.TITEM (CITEM,NOMBRE,CODIGO,CODIGOPADRE,ACTIVO,CCATALOGO) VALUES (6015,'NAPO','15',NULL,1,5002);
INSERT INTO MASCOTAS.TITEM (CITEM,NOMBRE,CODIGO,CODIGOPADRE,ACTIVO,CCATALOGO) VALUES (6016,'PASTAZA','16',NULL,1,5002);
INSERT INTO MASCOTAS.TITEM (CITEM,NOMBRE,CODIGO,CODIGOPADRE,ACTIVO,CCATALOGO) VALUES (6017,'PICHINCHA','17',NULL,1,5002);
INSERT INTO MASCOTAS.TITEM (CITEM,NOMBRE,CODIGO,CODIGOPADRE,ACTIVO,CCATALOGO) VALUES (6018,'TUNGURAHUA','18',NULL,1,5002);
INSERT INTO MASCOTAS.TITEM (CITEM,NOMBRE,CODIGO,CODIGOPADRE,ACTIVO,CCATALOGO) VALUES (6019,'ZAMORA CHINCHIPE','19',NULL,1,5002);
INSERT INTO MASCOTAS.TITEM (CITEM,NOMBRE,CODIGO,CODIGOPADRE,ACTIVO,CCATALOGO) VALUES (6020,'GALAPAGOS','20',NULL,1,5002);
INSERT INTO MASCOTAS.TITEM (CITEM,NOMBRE,CODIGO,CODIGOPADRE,ACTIVO,CCATALOGO) VALUES (6021,'SUCUMBIOS','21',NULL,1,5002);
INSERT INTO MASCOTAS.TITEM (CITEM,NOMBRE,CODIGO,CODIGOPADRE,ACTIVO,CCATALOGO) VALUES (6022,'ORELLANA','22',NULL,1,5002);
INSERT INTO MASCOTAS.TITEM (CITEM,NOMBRE,CODIGO,CODIGOPADRE,ACTIVO,CCATALOGO) VALUES (6023,'SANTO DOMINGO DE LOS TSACHILAS','23',NULL,1,5002);
INSERT INTO MASCOTAS.TITEM (CITEM,NOMBRE,CODIGO,CODIGOPADRE,ACTIVO,CCATALOGO) VALUES (6024,'SANTA ELENA','24',NULL,1,5002);

INSERT INTO MASCOTAS.TITEM (CITEM,NOMBRE,CODIGO,CODIGOPADRE,ACTIVO,CCATALOGO) VALUES (6101,'CUENCA','01','01',1,5003);
INSERT INTO MASCOTAS.TITEM (CITEM,NOMBRE,CODIGO,CODIGOPADRE,ACTIVO,CCATALOGO) VALUES (6102,'GIRON','02','01',1,5003);
INSERT INTO MASCOTAS.TITEM (CITEM,NOMBRE,CODIGO,CODIGOPADRE,ACTIVO,CCATALOGO) VALUES (6103,'GUALACEO','03','01',1,5003);
INSERT INTO MASCOTAS.TITEM (CITEM,NOMBRE,CODIGO,CODIGOPADRE,ACTIVO,CCATALOGO) VALUES (6104,'NABON','04','01',1,5003);
INSERT INTO MASCOTAS.TITEM (CITEM,NOMBRE,CODIGO,CODIGOPADRE,ACTIVO,CCATALOGO) VALUES (6105,'PAUTE','05','01',1,5003);
INSERT INTO MASCOTAS.TITEM (CITEM,NOMBRE,CODIGO,CODIGOPADRE,ACTIVO,CCATALOGO) VALUES (6106,'PUCARA','06','01',1,5003);
INSERT INTO MASCOTAS.TITEM (CITEM,NOMBRE,CODIGO,CODIGOPADRE,ACTIVO,CCATALOGO) VALUES (6107,'SAN FERNANDO','07','01',1,5003);
INSERT INTO MASCOTAS.TITEM (CITEM,NOMBRE,CODIGO,CODIGOPADRE,ACTIVO,CCATALOGO) VALUES (6108,'SANTA ISABEL','08','01',1,5003);
INSERT INTO MASCOTAS.TITEM (CITEM,NOMBRE,CODIGO,CODIGOPADRE,ACTIVO,CCATALOGO) VALUES (6109,'SIGSIG','09','01',1,5003);
INSERT INTO MASCOTAS.TITEM (CITEM,NOMBRE,CODIGO,CODIGOPADRE,ACTIVO,CCATALOGO) VALUES (6110,'OÑA','10','01',1,5003);
INSERT INTO MASCOTAS.TITEM (CITEM,NOMBRE,CODIGO,CODIGOPADRE,ACTIVO,CCATALOGO) VALUES (6111,'CHORDELEG','11','01',1,5003);
INSERT INTO MASCOTAS.TITEM (CITEM,NOMBRE,CODIGO,CODIGOPADRE,ACTIVO,CCATALOGO) VALUES (6112,'EL PAN','12','01',1,5003);
INSERT INTO MASCOTAS.TITEM (CITEM,NOMBRE,CODIGO,CODIGOPADRE,ACTIVO,CCATALOGO) VALUES (6113,'SEVILLA DE ORO','13','01',1,5003);
INSERT INTO MASCOTAS.TITEM (CITEM,NOMBRE,CODIGO,CODIGOPADRE,ACTIVO,CCATALOGO) VALUES (6114,'GUACHAPALA','14','01',1,5003);
INSERT INTO MASCOTAS.TITEM (CITEM,NOMBRE,CODIGO,CODIGOPADRE,ACTIVO,CCATALOGO) VALUES (6115,'CAMILO PONCE ENRIQUEZ','15','01',1,5003);
INSERT INTO MASCOTAS.TITEM (CITEM,NOMBRE,CODIGO,CODIGOPADRE,ACTIVO,CCATALOGO) VALUES (6116,'GUARANDA','01','02',1,5003);
INSERT INTO MASCOTAS.TITEM (CITEM,NOMBRE,CODIGO,CODIGOPADRE,ACTIVO,CCATALOGO) VALUES (6117,'CHILLANES','02','02',1,5003);
INSERT INTO MASCOTAS.TITEM (CITEM,NOMBRE,CODIGO,CODIGOPADRE,ACTIVO,CCATALOGO) VALUES (6118,'CHIMBO','03','02',1,5003);
INSERT INTO MASCOTAS.TITEM (CITEM,NOMBRE,CODIGO,CODIGOPADRE,ACTIVO,CCATALOGO) VALUES (6119,'ECHEANDIA','04','02',1,5003);
INSERT INTO MASCOTAS.TITEM (CITEM,NOMBRE,CODIGO,CODIGOPADRE,ACTIVO,CCATALOGO) VALUES (6120,'SAN MIGUEL','05','02',1,5003);
INSERT INTO MASCOTAS.TITEM (CITEM,NOMBRE,CODIGO,CODIGOPADRE,ACTIVO,CCATALOGO) VALUES (6121,'CALUMA','06','02',1,5003);
INSERT INTO MASCOTAS.TITEM (CITEM,NOMBRE,CODIGO,CODIGOPADRE,ACTIVO,CCATALOGO) VALUES (6122,'LAS NAVES','07','02',1,5003);
INSERT INTO MASCOTAS.TITEM (CITEM,NOMBRE,CODIGO,CODIGOPADRE,ACTIVO,CCATALOGO) VALUES (6123,'AZOGUES','01','03',1,5003);
INSERT INTO MASCOTAS.TITEM (CITEM,NOMBRE,CODIGO,CODIGOPADRE,ACTIVO,CCATALOGO) VALUES (6124,'BIBLIAN','02','03',1,5003);
INSERT INTO MASCOTAS.TITEM (CITEM,NOMBRE,CODIGO,CODIGOPADRE,ACTIVO,CCATALOGO) VALUES (6125,'CAÑAR','03','03',1,5003);
INSERT INTO MASCOTAS.TITEM (CITEM,NOMBRE,CODIGO,CODIGOPADRE,ACTIVO,CCATALOGO) VALUES (6126,'LA TRONCAL','04','03',1,5003);
INSERT INTO MASCOTAS.TITEM (CITEM,NOMBRE,CODIGO,CODIGOPADRE,ACTIVO,CCATALOGO) VALUES (6127,'EL TAMBO','05','03',1,5003);
INSERT INTO MASCOTAS.TITEM (CITEM,NOMBRE,CODIGO,CODIGOPADRE,ACTIVO,CCATALOGO) VALUES (6128,'DELEG','06','03',1,5003);
INSERT INTO MASCOTAS.TITEM (CITEM,NOMBRE,CODIGO,CODIGOPADRE,ACTIVO,CCATALOGO) VALUES (6129,'SUSCAL','07','03',1,5003);
INSERT INTO MASCOTAS.TITEM (CITEM,NOMBRE,CODIGO,CODIGOPADRE,ACTIVO,CCATALOGO) VALUES (6130,'TULCAN','01','04',1,5003);
INSERT INTO MASCOTAS.TITEM (CITEM,NOMBRE,CODIGO,CODIGOPADRE,ACTIVO,CCATALOGO) VALUES (6131,'BOLIVAR','02','04',1,5003);
INSERT INTO MASCOTAS.TITEM (CITEM,NOMBRE,CODIGO,CODIGOPADRE,ACTIVO,CCATALOGO) VALUES (6132,'ESPEJO','03','04',1,5003);
INSERT INTO MASCOTAS.TITEM (CITEM,NOMBRE,CODIGO,CODIGOPADRE,ACTIVO,CCATALOGO) VALUES (6133,'MIRA','04','04',1,5003);
INSERT INTO MASCOTAS.TITEM (CITEM,NOMBRE,CODIGO,CODIGOPADRE,ACTIVO,CCATALOGO) VALUES (6134,'MONTUFAR','05','04',1,5003);
INSERT INTO MASCOTAS.TITEM (CITEM,NOMBRE,CODIGO,CODIGOPADRE,ACTIVO,CCATALOGO) VALUES (6135,'SAN PEDRO DE HUACA','06','04',1,5003);
INSERT INTO MASCOTAS.TITEM (CITEM,NOMBRE,CODIGO,CODIGOPADRE,ACTIVO,CCATALOGO) VALUES (6136,'LATACUNGA','01','05',1,5003);
INSERT INTO MASCOTAS.TITEM (CITEM,NOMBRE,CODIGO,CODIGOPADRE,ACTIVO,CCATALOGO) VALUES (6137,'LA MANA','02','05',1,5003);
INSERT INTO MASCOTAS.TITEM (CITEM,NOMBRE,CODIGO,CODIGOPADRE,ACTIVO,CCATALOGO) VALUES (6138,'PANGUA','03','05',1,5003);
INSERT INTO MASCOTAS.TITEM (CITEM,NOMBRE,CODIGO,CODIGOPADRE,ACTIVO,CCATALOGO) VALUES (6139,'PUJILI','04','05',1,5003);
INSERT INTO MASCOTAS.TITEM (CITEM,NOMBRE,CODIGO,CODIGOPADRE,ACTIVO,CCATALOGO) VALUES (6140,'SALCEDO','05','05',1,5003);
INSERT INTO MASCOTAS.TITEM (CITEM,NOMBRE,CODIGO,CODIGOPADRE,ACTIVO,CCATALOGO) VALUES (6141,'SAQUISILI','06','05',1,5003);
INSERT INTO MASCOTAS.TITEM (CITEM,NOMBRE,CODIGO,CODIGOPADRE,ACTIVO,CCATALOGO) VALUES (6142,'SIGCHOS','07','05',1,5003);
INSERT INTO MASCOTAS.TITEM (CITEM,NOMBRE,CODIGO,CODIGOPADRE,ACTIVO,CCATALOGO) VALUES (6143,'RIOBAMBA','01','06',1,5003);
INSERT INTO MASCOTAS.TITEM (CITEM,NOMBRE,CODIGO,CODIGOPADRE,ACTIVO,CCATALOGO) VALUES (6144,'ALAUSI','02','06',1,5003);
INSERT INTO MASCOTAS.TITEM (CITEM,NOMBRE,CODIGO,CODIGOPADRE,ACTIVO,CCATALOGO) VALUES (6145,'COLTA','03','06',1,5003);
INSERT INTO MASCOTAS.TITEM (CITEM,NOMBRE,CODIGO,CODIGOPADRE,ACTIVO,CCATALOGO) VALUES (6146,'CHAMBO','04','06',1,5003);
INSERT INTO MASCOTAS.TITEM (CITEM,NOMBRE,CODIGO,CODIGOPADRE,ACTIVO,CCATALOGO) VALUES (6147,'CHUNCHI','05','06',1,5003);
INSERT INTO MASCOTAS.TITEM (CITEM,NOMBRE,CODIGO,CODIGOPADRE,ACTIVO,CCATALOGO) VALUES (6148,'GUAMOTE','06','06',1,5003);
INSERT INTO MASCOTAS.TITEM (CITEM,NOMBRE,CODIGO,CODIGOPADRE,ACTIVO,CCATALOGO) VALUES (6149,'GUANO','07','06',1,5003);
INSERT INTO MASCOTAS.TITEM (CITEM,NOMBRE,CODIGO,CODIGOPADRE,ACTIVO,CCATALOGO) VALUES (6150,'PALLATANGA','08','06',1,5003);
INSERT INTO MASCOTAS.TITEM (CITEM,NOMBRE,CODIGO,CODIGOPADRE,ACTIVO,CCATALOGO) VALUES (6151,'PENIPE','09','06',1,5003);
INSERT INTO MASCOTAS.TITEM (CITEM,NOMBRE,CODIGO,CODIGOPADRE,ACTIVO,CCATALOGO) VALUES (6152,'CUMANDA','10','06',1,5003);
INSERT INTO MASCOTAS.TITEM (CITEM,NOMBRE,CODIGO,CODIGOPADRE,ACTIVO,CCATALOGO) VALUES (6153,'MACHALA','01','07',1,5003);
INSERT INTO MASCOTAS.TITEM (CITEM,NOMBRE,CODIGO,CODIGOPADRE,ACTIVO,CCATALOGO) VALUES (6154,'ARENILLAS','02','07',1,5003);
INSERT INTO MASCOTAS.TITEM (CITEM,NOMBRE,CODIGO,CODIGOPADRE,ACTIVO,CCATALOGO) VALUES (6155,'ATAHUALPA','03','07',1,5003);
INSERT INTO MASCOTAS.TITEM (CITEM,NOMBRE,CODIGO,CODIGOPADRE,ACTIVO,CCATALOGO) VALUES (6156,'BALSAS','04','07',1,5003);
INSERT INTO MASCOTAS.TITEM (CITEM,NOMBRE,CODIGO,CODIGOPADRE,ACTIVO,CCATALOGO) VALUES (6157,'CHILLA','05','07',1,5003);
INSERT INTO MASCOTAS.TITEM (CITEM,NOMBRE,CODIGO,CODIGOPADRE,ACTIVO,CCATALOGO) VALUES (6158,'EL GUABO','06','07',1,5003);
INSERT INTO MASCOTAS.TITEM (CITEM,NOMBRE,CODIGO,CODIGOPADRE,ACTIVO,CCATALOGO) VALUES (6159,'HUAQUILLAS','07','07',1,5003);
INSERT INTO MASCOTAS.TITEM (CITEM,NOMBRE,CODIGO,CODIGOPADRE,ACTIVO,CCATALOGO) VALUES (6160,'MARCABELI','08','07',1,5003);
INSERT INTO MASCOTAS.TITEM (CITEM,NOMBRE,CODIGO,CODIGOPADRE,ACTIVO,CCATALOGO) VALUES (6161,'PASAJE','09','07',1,5003);
INSERT INTO MASCOTAS.TITEM (CITEM,NOMBRE,CODIGO,CODIGOPADRE,ACTIVO,CCATALOGO) VALUES (6162,'PIÑAS','10','07',1,5003);
INSERT INTO MASCOTAS.TITEM (CITEM,NOMBRE,CODIGO,CODIGOPADRE,ACTIVO,CCATALOGO) VALUES (6163,'PORTOVELO','11','07',1,5003);
INSERT INTO MASCOTAS.TITEM (CITEM,NOMBRE,CODIGO,CODIGOPADRE,ACTIVO,CCATALOGO) VALUES (6164,'SANTA ROSA','12','07',1,5003);
INSERT INTO MASCOTAS.TITEM (CITEM,NOMBRE,CODIGO,CODIGOPADRE,ACTIVO,CCATALOGO) VALUES (6165,'ZARUMA','13','07',1,5003);
INSERT INTO MASCOTAS.TITEM (CITEM,NOMBRE,CODIGO,CODIGOPADRE,ACTIVO,CCATALOGO) VALUES (6166,'LAS LAJAS','14','07',1,5003);
INSERT INTO MASCOTAS.TITEM (CITEM,NOMBRE,CODIGO,CODIGOPADRE,ACTIVO,CCATALOGO) VALUES (6167,'ESMERALDAS','01','08',1,5003);
INSERT INTO MASCOTAS.TITEM (CITEM,NOMBRE,CODIGO,CODIGOPADRE,ACTIVO,CCATALOGO) VALUES (6168,'ELOY ALFARO','02','08',1,5003);
INSERT INTO MASCOTAS.TITEM (CITEM,NOMBRE,CODIGO,CODIGOPADRE,ACTIVO,CCATALOGO) VALUES (6169,'MUISNE','03','08',1,5003);
INSERT INTO MASCOTAS.TITEM (CITEM,NOMBRE,CODIGO,CODIGOPADRE,ACTIVO,CCATALOGO) VALUES (6170,'QUININDE','04','08',1,5003);
INSERT INTO MASCOTAS.TITEM (CITEM,NOMBRE,CODIGO,CODIGOPADRE,ACTIVO,CCATALOGO) VALUES (6171,'SAN LORENZO','05','08',1,5003);
INSERT INTO MASCOTAS.TITEM (CITEM,NOMBRE,CODIGO,CODIGOPADRE,ACTIVO,CCATALOGO) VALUES (6172,'ATACAMES','06','08',1,5003);
INSERT INTO MASCOTAS.TITEM (CITEM,NOMBRE,CODIGO,CODIGOPADRE,ACTIVO,CCATALOGO) VALUES (6173,'RIO VERDE','07','08',1,5003);
INSERT INTO MASCOTAS.TITEM (CITEM,NOMBRE,CODIGO,CODIGOPADRE,ACTIVO,CCATALOGO) VALUES (6174,'GUAYAQUIL','01','09',1,5003);
INSERT INTO MASCOTAS.TITEM (CITEM,NOMBRE,CODIGO,CODIGOPADRE,ACTIVO,CCATALOGO) VALUES (6175,'ALFREDO BAQUERIZO MORENO JUJAN','02','09',1,5003);
INSERT INTO MASCOTAS.TITEM (CITEM,NOMBRE,CODIGO,CODIGOPADRE,ACTIVO,CCATALOGO) VALUES (6176,'BALAO','03','09',1,5003);
INSERT INTO MASCOTAS.TITEM (CITEM,NOMBRE,CODIGO,CODIGOPADRE,ACTIVO,CCATALOGO) VALUES (6177,'BALZAR','04','09',1,5003);
INSERT INTO MASCOTAS.TITEM (CITEM,NOMBRE,CODIGO,CODIGOPADRE,ACTIVO,CCATALOGO) VALUES (6178,'COLIMES','05','09',1,5003);
INSERT INTO MASCOTAS.TITEM (CITEM,NOMBRE,CODIGO,CODIGOPADRE,ACTIVO,CCATALOGO) VALUES (6179,'DAULE','06','09',1,5003);
INSERT INTO MASCOTAS.TITEM (CITEM,NOMBRE,CODIGO,CODIGOPADRE,ACTIVO,CCATALOGO) VALUES (6180,'DURAN','07','09',1,5003);
INSERT INTO MASCOTAS.TITEM (CITEM,NOMBRE,CODIGO,CODIGOPADRE,ACTIVO,CCATALOGO) VALUES (6181,'EMPALME','08','09',1,5003);
INSERT INTO MASCOTAS.TITEM (CITEM,NOMBRE,CODIGO,CODIGOPADRE,ACTIVO,CCATALOGO) VALUES (6182,'EL TRIUNFO','09','09',1,5003);
INSERT INTO MASCOTAS.TITEM (CITEM,NOMBRE,CODIGO,CODIGOPADRE,ACTIVO,CCATALOGO) VALUES (6183,'MILAGRO','10','09',1,5003);
INSERT INTO MASCOTAS.TITEM (CITEM,NOMBRE,CODIGO,CODIGOPADRE,ACTIVO,CCATALOGO) VALUES (6184,'NARANJAL','11','09',1,5003);
INSERT INTO MASCOTAS.TITEM (CITEM,NOMBRE,CODIGO,CODIGOPADRE,ACTIVO,CCATALOGO) VALUES (6185,'NARANJITO','12','09',1,5003);
INSERT INTO MASCOTAS.TITEM (CITEM,NOMBRE,CODIGO,CODIGOPADRE,ACTIVO,CCATALOGO) VALUES (6186,'PALESTINA','13','09',1,5003);
INSERT INTO MASCOTAS.TITEM (CITEM,NOMBRE,CODIGO,CODIGOPADRE,ACTIVO,CCATALOGO) VALUES (6187,'PEDRO CARBO','14','09',1,5003);
INSERT INTO MASCOTAS.TITEM (CITEM,NOMBRE,CODIGO,CODIGOPADRE,ACTIVO,CCATALOGO) VALUES (6188,'SAMBORONDON','16','09',1,5003);
INSERT INTO MASCOTAS.TITEM (CITEM,NOMBRE,CODIGO,CODIGOPADRE,ACTIVO,CCATALOGO) VALUES (6189,'SANTA LUCIA','18','09',1,5003);
INSERT INTO MASCOTAS.TITEM (CITEM,NOMBRE,CODIGO,CODIGOPADRE,ACTIVO,CCATALOGO) VALUES (6190,'SALITRE URBINA JADO','19','09',1,5003);
INSERT INTO MASCOTAS.TITEM (CITEM,NOMBRE,CODIGO,CODIGOPADRE,ACTIVO,CCATALOGO) VALUES (6191,'SAN JACINTO DE YAGUACHI','20','09',1,5003);
INSERT INTO MASCOTAS.TITEM (CITEM,NOMBRE,CODIGO,CODIGOPADRE,ACTIVO,CCATALOGO) VALUES (6192,'PLAYAS','21','09',1,5003);
INSERT INTO MASCOTAS.TITEM (CITEM,NOMBRE,CODIGO,CODIGOPADRE,ACTIVO,CCATALOGO) VALUES (6193,'SIMON BOLIVAR','22','09',1,5003);
INSERT INTO MASCOTAS.TITEM (CITEM,NOMBRE,CODIGO,CODIGOPADRE,ACTIVO,CCATALOGO) VALUES (6194,'CORONEL MARCELINO MARIDUEÑA','23','09',1,5003);
INSERT INTO MASCOTAS.TITEM (CITEM,NOMBRE,CODIGO,CODIGOPADRE,ACTIVO,CCATALOGO) VALUES (6195,'LOMAS DE SARGENTILLO','24','09',1,5003);
INSERT INTO MASCOTAS.TITEM (CITEM,NOMBRE,CODIGO,CODIGOPADRE,ACTIVO,CCATALOGO) VALUES (6196,'NOBOL','25','09',1,5003);
INSERT INTO MASCOTAS.TITEM (CITEM,NOMBRE,CODIGO,CODIGOPADRE,ACTIVO,CCATALOGO) VALUES (6197,'GENERAL ANTONIO ELIZALDE BUCAY','27','09',1,5003);
INSERT INTO MASCOTAS.TITEM (CITEM,NOMBRE,CODIGO,CODIGOPADRE,ACTIVO,CCATALOGO) VALUES (6198,'ISIDRO AYORA SOLEDAD','28','09',1,5003);
INSERT INTO MASCOTAS.TITEM (CITEM,NOMBRE,CODIGO,CODIGOPADRE,ACTIVO,CCATALOGO) VALUES (6199,'IBARRA','01','10',1,5003);
INSERT INTO MASCOTAS.TITEM (CITEM,NOMBRE,CODIGO,CODIGOPADRE,ACTIVO,CCATALOGO) VALUES (6200,'ANTONIO ANTE','02','10',1,5003);
INSERT INTO MASCOTAS.TITEM (CITEM,NOMBRE,CODIGO,CODIGOPADRE,ACTIVO,CCATALOGO) VALUES (6201,'COTACACHI','03','10',1,5003);
INSERT INTO MASCOTAS.TITEM (CITEM,NOMBRE,CODIGO,CODIGOPADRE,ACTIVO,CCATALOGO) VALUES (6202,'OTAVALO','04','10',1,5003);
INSERT INTO MASCOTAS.TITEM (CITEM,NOMBRE,CODIGO,CODIGOPADRE,ACTIVO,CCATALOGO) VALUES (6203,'PIMAMPIRO','05','10',1,5003);
INSERT INTO MASCOTAS.TITEM (CITEM,NOMBRE,CODIGO,CODIGOPADRE,ACTIVO,CCATALOGO) VALUES (6204,'SAN MIGUEL DE URCUQUI','06','10',1,5003);
INSERT INTO MASCOTAS.TITEM (CITEM,NOMBRE,CODIGO,CODIGOPADRE,ACTIVO,CCATALOGO) VALUES (6205,'LOJA','01','11',1,5003);
INSERT INTO MASCOTAS.TITEM (CITEM,NOMBRE,CODIGO,CODIGOPADRE,ACTIVO,CCATALOGO) VALUES (6206,'CALVAS','02','11',1,5003);
INSERT INTO MASCOTAS.TITEM (CITEM,NOMBRE,CODIGO,CODIGOPADRE,ACTIVO,CCATALOGO) VALUES (6207,'CATAMAYO','03','11',1,5003);
INSERT INTO MASCOTAS.TITEM (CITEM,NOMBRE,CODIGO,CODIGOPADRE,ACTIVO,CCATALOGO) VALUES (6208,'CELICA','04','11',1,5003);
INSERT INTO MASCOTAS.TITEM (CITEM,NOMBRE,CODIGO,CODIGOPADRE,ACTIVO,CCATALOGO) VALUES (6209,'CHAGUARPAMBA','05','11',1,5003);
INSERT INTO MASCOTAS.TITEM (CITEM,NOMBRE,CODIGO,CODIGOPADRE,ACTIVO,CCATALOGO) VALUES (6210,'ESPINDOLA','06','11',1,5003);
INSERT INTO MASCOTAS.TITEM (CITEM,NOMBRE,CODIGO,CODIGOPADRE,ACTIVO,CCATALOGO) VALUES (6211,'GONZANAMA','07','11',1,5003);
INSERT INTO MASCOTAS.TITEM (CITEM,NOMBRE,CODIGO,CODIGOPADRE,ACTIVO,CCATALOGO) VALUES (6212,'MACARA','08','11',1,5003);
INSERT INTO MASCOTAS.TITEM (CITEM,NOMBRE,CODIGO,CODIGOPADRE,ACTIVO,CCATALOGO) VALUES (6213,'PALTAS','09','11',1,5003);
INSERT INTO MASCOTAS.TITEM (CITEM,NOMBRE,CODIGO,CODIGOPADRE,ACTIVO,CCATALOGO) VALUES (6214,'PUYANGO','10','11',1,5003);
INSERT INTO MASCOTAS.TITEM (CITEM,NOMBRE,CODIGO,CODIGOPADRE,ACTIVO,CCATALOGO) VALUES (6215,'SARAGURO','11','11',1,5003);
INSERT INTO MASCOTAS.TITEM (CITEM,NOMBRE,CODIGO,CODIGOPADRE,ACTIVO,CCATALOGO) VALUES (6216,'SOZORANGA','12','11',1,5003);
INSERT INTO MASCOTAS.TITEM (CITEM,NOMBRE,CODIGO,CODIGOPADRE,ACTIVO,CCATALOGO) VALUES (6217,'ZAPOTILLO','13','11',1,5003);
INSERT INTO MASCOTAS.TITEM (CITEM,NOMBRE,CODIGO,CODIGOPADRE,ACTIVO,CCATALOGO) VALUES (6218,'PINDAL','14','11',1,5003);
INSERT INTO MASCOTAS.TITEM (CITEM,NOMBRE,CODIGO,CODIGOPADRE,ACTIVO,CCATALOGO) VALUES (6219,'QUILANGA','15','11',1,5003);
INSERT INTO MASCOTAS.TITEM (CITEM,NOMBRE,CODIGO,CODIGOPADRE,ACTIVO,CCATALOGO) VALUES (6220,'OLMEDO','16','11',1,5003);
INSERT INTO MASCOTAS.TITEM (CITEM,NOMBRE,CODIGO,CODIGOPADRE,ACTIVO,CCATALOGO) VALUES (6221,'BABAHOYO','01','12',1,5003);
INSERT INTO MASCOTAS.TITEM (CITEM,NOMBRE,CODIGO,CODIGOPADRE,ACTIVO,CCATALOGO) VALUES (6222,'BABA','02','12',1,5003);
INSERT INTO MASCOTAS.TITEM (CITEM,NOMBRE,CODIGO,CODIGOPADRE,ACTIVO,CCATALOGO) VALUES (6223,'MONTALVO','03','12',1,5003);
INSERT INTO MASCOTAS.TITEM (CITEM,NOMBRE,CODIGO,CODIGOPADRE,ACTIVO,CCATALOGO) VALUES (6224,'PUEBLOVIEJO','04','12',1,5003);
INSERT INTO MASCOTAS.TITEM (CITEM,NOMBRE,CODIGO,CODIGOPADRE,ACTIVO,CCATALOGO) VALUES (6225,'QUEVEDO','05','12',1,5003);
INSERT INTO MASCOTAS.TITEM (CITEM,NOMBRE,CODIGO,CODIGOPADRE,ACTIVO,CCATALOGO) VALUES (6226,'URDANETA','06','12',1,5003);
INSERT INTO MASCOTAS.TITEM (CITEM,NOMBRE,CODIGO,CODIGOPADRE,ACTIVO,CCATALOGO) VALUES (6227,'VENTANAS','07','12',1,5003);
INSERT INTO MASCOTAS.TITEM (CITEM,NOMBRE,CODIGO,CODIGOPADRE,ACTIVO,CCATALOGO) VALUES (6228,'VINCES','08','12',1,5003);
INSERT INTO MASCOTAS.TITEM (CITEM,NOMBRE,CODIGO,CODIGOPADRE,ACTIVO,CCATALOGO) VALUES (6229,'PALENQUE','09','12',1,5003);
INSERT INTO MASCOTAS.TITEM (CITEM,NOMBRE,CODIGO,CODIGOPADRE,ACTIVO,CCATALOGO) VALUES (6230,'BUENA FE','10','12',1,5003);
INSERT INTO MASCOTAS.TITEM (CITEM,NOMBRE,CODIGO,CODIGOPADRE,ACTIVO,CCATALOGO) VALUES (6231,'VALENCIA','11','12',1,5003);
INSERT INTO MASCOTAS.TITEM (CITEM,NOMBRE,CODIGO,CODIGOPADRE,ACTIVO,CCATALOGO) VALUES (6232,'MOCACHE','12','12',1,5003);
INSERT INTO MASCOTAS.TITEM (CITEM,NOMBRE,CODIGO,CODIGOPADRE,ACTIVO,CCATALOGO) VALUES (6233,'QUINSALOMA','13','12',1,5003);
INSERT INTO MASCOTAS.TITEM (CITEM,NOMBRE,CODIGO,CODIGOPADRE,ACTIVO,CCATALOGO) VALUES (6234,'PORTOVIEJO','01','13',1,5003);
INSERT INTO MASCOTAS.TITEM (CITEM,NOMBRE,CODIGO,CODIGOPADRE,ACTIVO,CCATALOGO) VALUES (6235,'BOLIVAR','02','13',1,5003);
INSERT INTO MASCOTAS.TITEM (CITEM,NOMBRE,CODIGO,CODIGOPADRE,ACTIVO,CCATALOGO) VALUES (6236,'CHONE','03','13',1,5003);
INSERT INTO MASCOTAS.TITEM (CITEM,NOMBRE,CODIGO,CODIGOPADRE,ACTIVO,CCATALOGO) VALUES (6237,'EL CARMEN','04','13',1,5003);
INSERT INTO MASCOTAS.TITEM (CITEM,NOMBRE,CODIGO,CODIGOPADRE,ACTIVO,CCATALOGO) VALUES (6238,'FLAVIO ALFARO','05','13',1,5003);
INSERT INTO MASCOTAS.TITEM (CITEM,NOMBRE,CODIGO,CODIGOPADRE,ACTIVO,CCATALOGO) VALUES (6239,'JIPIJAPA','06','13',1,5003);
INSERT INTO MASCOTAS.TITEM (CITEM,NOMBRE,CODIGO,CODIGOPADRE,ACTIVO,CCATALOGO) VALUES (6240,'JUNIN','07','13',1,5003);
INSERT INTO MASCOTAS.TITEM (CITEM,NOMBRE,CODIGO,CODIGOPADRE,ACTIVO,CCATALOGO) VALUES (6241,'MANTA','08','13',1,5003);
INSERT INTO MASCOTAS.TITEM (CITEM,NOMBRE,CODIGO,CODIGOPADRE,ACTIVO,CCATALOGO) VALUES (6242,'MONTECRISTI','09','13',1,5003);
INSERT INTO MASCOTAS.TITEM (CITEM,NOMBRE,CODIGO,CODIGOPADRE,ACTIVO,CCATALOGO) VALUES (6243,'PAJAN','10','13',1,5003);
INSERT INTO MASCOTAS.TITEM (CITEM,NOMBRE,CODIGO,CODIGOPADRE,ACTIVO,CCATALOGO) VALUES (6244,'PICHINCHA','11','13',1,5003);
INSERT INTO MASCOTAS.TITEM (CITEM,NOMBRE,CODIGO,CODIGOPADRE,ACTIVO,CCATALOGO) VALUES (6245,'ROCAFUERTE','12','13',1,5003);
INSERT INTO MASCOTAS.TITEM (CITEM,NOMBRE,CODIGO,CODIGOPADRE,ACTIVO,CCATALOGO) VALUES (6246,'SANTA ANA','13','13',1,5003);
INSERT INTO MASCOTAS.TITEM (CITEM,NOMBRE,CODIGO,CODIGOPADRE,ACTIVO,CCATALOGO) VALUES (6247,'SUCRE','14','13',1,5003);
INSERT INTO MASCOTAS.TITEM (CITEM,NOMBRE,CODIGO,CODIGOPADRE,ACTIVO,CCATALOGO) VALUES (6248,'TOSAGUA','15','13',1,5003);
INSERT INTO MASCOTAS.TITEM (CITEM,NOMBRE,CODIGO,CODIGOPADRE,ACTIVO,CCATALOGO) VALUES (6249,'VEINTE Y CUATRO DE MAYO','16','13',1,5003);
INSERT INTO MASCOTAS.TITEM (CITEM,NOMBRE,CODIGO,CODIGOPADRE,ACTIVO,CCATALOGO) VALUES (6250,'PEDERNALES','17','13',1,5003);
INSERT INTO MASCOTAS.TITEM (CITEM,NOMBRE,CODIGO,CODIGOPADRE,ACTIVO,CCATALOGO) VALUES (6251,'OLMEDO','18','13',1,5003);
INSERT INTO MASCOTAS.TITEM (CITEM,NOMBRE,CODIGO,CODIGOPADRE,ACTIVO,CCATALOGO) VALUES (6252,'PUERTO LOPEZ','19','13',1,5003);
INSERT INTO MASCOTAS.TITEM (CITEM,NOMBRE,CODIGO,CODIGOPADRE,ACTIVO,CCATALOGO) VALUES (6253,'JAMA','20','13',1,5003);
INSERT INTO MASCOTAS.TITEM (CITEM,NOMBRE,CODIGO,CODIGOPADRE,ACTIVO,CCATALOGO) VALUES (6254,'JARAMIJO','21','13',1,5003);
INSERT INTO MASCOTAS.TITEM (CITEM,NOMBRE,CODIGO,CODIGOPADRE,ACTIVO,CCATALOGO) VALUES (6255,'SAN VICENTE','22','13',1,5003);
INSERT INTO MASCOTAS.TITEM (CITEM,NOMBRE,CODIGO,CODIGOPADRE,ACTIVO,CCATALOGO) VALUES (6256,'MORONA','01','14',1,5003);
INSERT INTO MASCOTAS.TITEM (CITEM,NOMBRE,CODIGO,CODIGOPADRE,ACTIVO,CCATALOGO) VALUES (6257,'GUALAQUIZA','02','14',1,5003);
INSERT INTO MASCOTAS.TITEM (CITEM,NOMBRE,CODIGO,CODIGOPADRE,ACTIVO,CCATALOGO) VALUES (6258,'LIMON INDANZA','03','14',1,5003);
INSERT INTO MASCOTAS.TITEM (CITEM,NOMBRE,CODIGO,CODIGOPADRE,ACTIVO,CCATALOGO) VALUES (6259,'PALORA','04','14',1,5003);
INSERT INTO MASCOTAS.TITEM (CITEM,NOMBRE,CODIGO,CODIGOPADRE,ACTIVO,CCATALOGO) VALUES (6260,'SANTIAGO','05','14',1,5003);
INSERT INTO MASCOTAS.TITEM (CITEM,NOMBRE,CODIGO,CODIGOPADRE,ACTIVO,CCATALOGO) VALUES (6261,'SUCUA','06','14',1,5003);
INSERT INTO MASCOTAS.TITEM (CITEM,NOMBRE,CODIGO,CODIGOPADRE,ACTIVO,CCATALOGO) VALUES (6262,'HUAMBOYA','07','14',1,5003);
INSERT INTO MASCOTAS.TITEM (CITEM,NOMBRE,CODIGO,CODIGOPADRE,ACTIVO,CCATALOGO) VALUES (6263,'SAN JUAN BOSCO','08','14',1,5003);
INSERT INTO MASCOTAS.TITEM (CITEM,NOMBRE,CODIGO,CODIGOPADRE,ACTIVO,CCATALOGO) VALUES (6264,'TAISHA','09','14',1,5003);
INSERT INTO MASCOTAS.TITEM (CITEM,NOMBRE,CODIGO,CODIGOPADRE,ACTIVO,CCATALOGO) VALUES (6265,'LOGROÑO','10','14',1,5003);
INSERT INTO MASCOTAS.TITEM (CITEM,NOMBRE,CODIGO,CODIGOPADRE,ACTIVO,CCATALOGO) VALUES (6266,'PABLO SEXTO','11','14',1,5003);
INSERT INTO MASCOTAS.TITEM (CITEM,NOMBRE,CODIGO,CODIGOPADRE,ACTIVO,CCATALOGO) VALUES (6267,'TIWINTZA','12','14',1,5003);
INSERT INTO MASCOTAS.TITEM (CITEM,NOMBRE,CODIGO,CODIGOPADRE,ACTIVO,CCATALOGO) VALUES (6268,'TENA','01','15',1,5003);
INSERT INTO MASCOTAS.TITEM (CITEM,NOMBRE,CODIGO,CODIGOPADRE,ACTIVO,CCATALOGO) VALUES (6269,'ARCHIDONA','03','15',1,5003);
INSERT INTO MASCOTAS.TITEM (CITEM,NOMBRE,CODIGO,CODIGOPADRE,ACTIVO,CCATALOGO) VALUES (6270,'EL CHACO','04','15',1,5003);
INSERT INTO MASCOTAS.TITEM (CITEM,NOMBRE,CODIGO,CODIGOPADRE,ACTIVO,CCATALOGO) VALUES (6271,'QUIJOS','07','15',1,5003);
INSERT INTO MASCOTAS.TITEM (CITEM,NOMBRE,CODIGO,CODIGOPADRE,ACTIVO,CCATALOGO) VALUES (6272,'CARLOS JULIO AROSEMENA TOLA','09','15',1,5003);
INSERT INTO MASCOTAS.TITEM (CITEM,NOMBRE,CODIGO,CODIGOPADRE,ACTIVO,CCATALOGO) VALUES (6273,'PASTAZA','01','16',1,5003);
INSERT INTO MASCOTAS.TITEM (CITEM,NOMBRE,CODIGO,CODIGOPADRE,ACTIVO,CCATALOGO) VALUES (6274,'MERA','02','16',1,5003);
INSERT INTO MASCOTAS.TITEM (CITEM,NOMBRE,CODIGO,CODIGOPADRE,ACTIVO,CCATALOGO) VALUES (6275,'SANTA CLARA','03','16',1,5003);
INSERT INTO MASCOTAS.TITEM (CITEM,NOMBRE,CODIGO,CODIGOPADRE,ACTIVO,CCATALOGO) VALUES (6276,'ARAJUNO','04','16',1,5003);
INSERT INTO MASCOTAS.TITEM (CITEM,NOMBRE,CODIGO,CODIGOPADRE,ACTIVO,CCATALOGO) VALUES (6277,'QUITO','01','17',1,5003);
INSERT INTO MASCOTAS.TITEM (CITEM,NOMBRE,CODIGO,CODIGOPADRE,ACTIVO,CCATALOGO) VALUES (6278,'CAYAMBE','02','17',1,5003);
INSERT INTO MASCOTAS.TITEM (CITEM,NOMBRE,CODIGO,CODIGOPADRE,ACTIVO,CCATALOGO) VALUES (6279,'MEJIA','03','17',1,5003);
INSERT INTO MASCOTAS.TITEM (CITEM,NOMBRE,CODIGO,CODIGOPADRE,ACTIVO,CCATALOGO) VALUES (6280,'PEDRO MONCAYO','04','17',1,5003);
INSERT INTO MASCOTAS.TITEM (CITEM,NOMBRE,CODIGO,CODIGOPADRE,ACTIVO,CCATALOGO) VALUES (6281,'RUMIÑAHUI','05','17',1,5003);
INSERT INTO MASCOTAS.TITEM (CITEM,NOMBRE,CODIGO,CODIGOPADRE,ACTIVO,CCATALOGO) VALUES (6282,'SAN MIGUEL DE LOS BANCOS','07','17',1,5003);
INSERT INTO MASCOTAS.TITEM (CITEM,NOMBRE,CODIGO,CODIGOPADRE,ACTIVO,CCATALOGO) VALUES (6283,'PEDRO VICENTE MALDONADO','08','17',1,5003);
INSERT INTO MASCOTAS.TITEM (CITEM,NOMBRE,CODIGO,CODIGOPADRE,ACTIVO,CCATALOGO) VALUES (6284,'PUERTO QUITO','09','17',1,5003);
INSERT INTO MASCOTAS.TITEM (CITEM,NOMBRE,CODIGO,CODIGOPADRE,ACTIVO,CCATALOGO) VALUES (6285,'AMBATO','01','18',1,5003);
INSERT INTO MASCOTAS.TITEM (CITEM,NOMBRE,CODIGO,CODIGOPADRE,ACTIVO,CCATALOGO) VALUES (6286,'BAÑOS BAÑOS DE AGUA SANTA','02','18',1,5003);
INSERT INTO MASCOTAS.TITEM (CITEM,NOMBRE,CODIGO,CODIGOPADRE,ACTIVO,CCATALOGO) VALUES (6287,'CEVALLOS','03','18',1,5003);
INSERT INTO MASCOTAS.TITEM (CITEM,NOMBRE,CODIGO,CODIGOPADRE,ACTIVO,CCATALOGO) VALUES (6288,'MOCHA','04','18',1,5003);
INSERT INTO MASCOTAS.TITEM (CITEM,NOMBRE,CODIGO,CODIGOPADRE,ACTIVO,CCATALOGO) VALUES (6289,'PATATE','05','18',1,5003);
INSERT INTO MASCOTAS.TITEM (CITEM,NOMBRE,CODIGO,CODIGOPADRE,ACTIVO,CCATALOGO) VALUES (6290,'QUERO','06','18',1,5003);
INSERT INTO MASCOTAS.TITEM (CITEM,NOMBRE,CODIGO,CODIGOPADRE,ACTIVO,CCATALOGO) VALUES (6291,'SAN PEDRO DE PELILEO','07','18',1,5003);
INSERT INTO MASCOTAS.TITEM (CITEM,NOMBRE,CODIGO,CODIGOPADRE,ACTIVO,CCATALOGO) VALUES (6292,'SANTIAGO DE PILLARO','08','18',1,5003);
INSERT INTO MASCOTAS.TITEM (CITEM,NOMBRE,CODIGO,CODIGOPADRE,ACTIVO,CCATALOGO) VALUES (6293,'TISALEO','09','18',1,5003);
INSERT INTO MASCOTAS.TITEM (CITEM,NOMBRE,CODIGO,CODIGOPADRE,ACTIVO,CCATALOGO) VALUES (6294,'ZAMORA','01','19',1,5003);
INSERT INTO MASCOTAS.TITEM (CITEM,NOMBRE,CODIGO,CODIGOPADRE,ACTIVO,CCATALOGO) VALUES (6295,'CHINCHIPE','02','19',1,5003);
INSERT INTO MASCOTAS.TITEM (CITEM,NOMBRE,CODIGO,CODIGOPADRE,ACTIVO,CCATALOGO) VALUES (6296,'NANGARITZA','03','19',1,5003);
INSERT INTO MASCOTAS.TITEM (CITEM,NOMBRE,CODIGO,CODIGOPADRE,ACTIVO,CCATALOGO) VALUES (6297,'YACUAMBI','04','19',1,5003);
INSERT INTO MASCOTAS.TITEM (CITEM,NOMBRE,CODIGO,CODIGOPADRE,ACTIVO,CCATALOGO) VALUES (6298,'YANZATZA','05','19',1,5003);
INSERT INTO MASCOTAS.TITEM (CITEM,NOMBRE,CODIGO,CODIGOPADRE,ACTIVO,CCATALOGO) VALUES (6299,'EL PANGUI','06','19',1,5003);
INSERT INTO MASCOTAS.TITEM (CITEM,NOMBRE,CODIGO,CODIGOPADRE,ACTIVO,CCATALOGO) VALUES (6300,'CENTINELA DEL CONDOR','07','19',1,5003);
INSERT INTO MASCOTAS.TITEM (CITEM,NOMBRE,CODIGO,CODIGOPADRE,ACTIVO,CCATALOGO) VALUES (6301,'PALANDA','08','19',1,5003);
INSERT INTO MASCOTAS.TITEM (CITEM,NOMBRE,CODIGO,CODIGOPADRE,ACTIVO,CCATALOGO) VALUES (6302,'PAQUISHA','09','19',1,5003);
INSERT INTO MASCOTAS.TITEM (CITEM,NOMBRE,CODIGO,CODIGOPADRE,ACTIVO,CCATALOGO) VALUES (6303,'SAN CRISTOBAL','01','20',1,5003);
INSERT INTO MASCOTAS.TITEM (CITEM,NOMBRE,CODIGO,CODIGOPADRE,ACTIVO,CCATALOGO) VALUES (6304,'ISABELA','02','20',1,5003);
INSERT INTO MASCOTAS.TITEM (CITEM,NOMBRE,CODIGO,CODIGOPADRE,ACTIVO,CCATALOGO) VALUES (6305,'SANTA CRUZ','03','20',1,5003);
INSERT INTO MASCOTAS.TITEM (CITEM,NOMBRE,CODIGO,CODIGOPADRE,ACTIVO,CCATALOGO) VALUES (6306,'LAGO AGRIO','01','21',1,5003);
INSERT INTO MASCOTAS.TITEM (CITEM,NOMBRE,CODIGO,CODIGOPADRE,ACTIVO,CCATALOGO) VALUES (6307,'GONZALO PIZARRO','02','21',1,5003);
INSERT INTO MASCOTAS.TITEM (CITEM,NOMBRE,CODIGO,CODIGOPADRE,ACTIVO,CCATALOGO) VALUES (6308,'PUTUMAYO','03','21',1,5003);
INSERT INTO MASCOTAS.TITEM (CITEM,NOMBRE,CODIGO,CODIGOPADRE,ACTIVO,CCATALOGO) VALUES (6309,'SHUSHUFINDI','04','21',1,5003);
INSERT INTO MASCOTAS.TITEM (CITEM,NOMBRE,CODIGO,CODIGOPADRE,ACTIVO,CCATALOGO) VALUES (6310,'SUCUMBIOS','05','21',1,5003);
INSERT INTO MASCOTAS.TITEM (CITEM,NOMBRE,CODIGO,CODIGOPADRE,ACTIVO,CCATALOGO) VALUES (6311,'CASCALES','06','21',1,5003);
INSERT INTO MASCOTAS.TITEM (CITEM,NOMBRE,CODIGO,CODIGOPADRE,ACTIVO,CCATALOGO) VALUES (6312,'CUYABENO','07','21',1,5003);
INSERT INTO MASCOTAS.TITEM (CITEM,NOMBRE,CODIGO,CODIGOPADRE,ACTIVO,CCATALOGO) VALUES (6313,'ORELLANA','01','22',1,5003);
INSERT INTO MASCOTAS.TITEM (CITEM,NOMBRE,CODIGO,CODIGOPADRE,ACTIVO,CCATALOGO) VALUES (6314,'AGUARICO','02','22',1,5003);
INSERT INTO MASCOTAS.TITEM (CITEM,NOMBRE,CODIGO,CODIGOPADRE,ACTIVO,CCATALOGO) VALUES (6315,'LA JOYA DE LOS SACHAS','03','22',1,5003);
INSERT INTO MASCOTAS.TITEM (CITEM,NOMBRE,CODIGO,CODIGOPADRE,ACTIVO,CCATALOGO) VALUES (6316,'LORETO','04','22',1,5003);
INSERT INTO MASCOTAS.TITEM (CITEM,NOMBRE,CODIGO,CODIGOPADRE,ACTIVO,CCATALOGO) VALUES (6317,'SANTO DOMINGO','01','23',1,5003);
INSERT INTO MASCOTAS.TITEM (CITEM,NOMBRE,CODIGO,CODIGOPADRE,ACTIVO,CCATALOGO) VALUES (6318,'LA CONCORDIA','02','23',1,5003);
INSERT INTO MASCOTAS.TITEM (CITEM,NOMBRE,CODIGO,CODIGOPADRE,ACTIVO,CCATALOGO) VALUES (6319,'SANTA ELENA','01','24',1,5003);
INSERT INTO MASCOTAS.TITEM (CITEM,NOMBRE,CODIGO,CODIGOPADRE,ACTIVO,CCATALOGO) VALUES (6320,'LA LIBERTAD','02','24',1,5003);
INSERT INTO MASCOTAS.TITEM (CITEM,NOMBRE,CODIGO,CODIGOPADRE,ACTIVO,CCATALOGO) VALUES (6321,'SALINAS','03','24',1,5003);

INSERT INTO MASCOTAS.TITEM (CITEM,NOMBRE,CODIGO,CODIGOPADRE,ACTIVO,CCATALOGO) VALUES (6401,'HOMBRE','M',NULL,1,5004);
INSERT INTO MASCOTAS.TITEM (CITEM,NOMBRE,CODIGO,CODIGOPADRE,ACTIVO,CCATALOGO) VALUES (6402,'MUJER','F',NULL,1,5004);

INSERT INTO MASCOTAS.TITEM (CITEM,NOMBRE,CODIGO,CODIGOPADRE,ACTIVO,CCATALOGO) VALUES (6421,'SI','1',NULL,1,5005);
INSERT INTO MASCOTAS.TITEM (CITEM,NOMBRE,CODIGO,CODIGOPADRE,ACTIVO,CCATALOGO) VALUES (6422,'NO','0',NULL,1,5005);

INSERT INTO MASCOTAS.TITEM (CITEM,NOMBRE,CODIGO,CODIGOPADRE,ACTIVO,CCATALOGO) VALUES (6441,'DISPONIBLE','D',NULL,1,5006);
INSERT INTO MASCOTAS.TITEM (CITEM,NOMBRE,CODIGO,CODIGOPADRE,ACTIVO,CCATALOGO) VALUES (6442,'ADOPTADO','A',NULL,1,5006);
INSERT INTO MASCOTAS.TITEM (CITEM,NOMBRE,CODIGO,CODIGOPADRE,ACTIVO,CCATALOGO) VALUES (6443,'DEVUELTA','R',NULL,1,5006);

INSERT INTO MASCOTAS.TITEM (CITEM,NOMBRE,CODIGO,CODIGOPADRE,ACTIVO,CCATALOGO) VALUES (6461,'MACHO','M',NULL,1,5008);
INSERT INTO MASCOTAS.TITEM (CITEM,NOMBRE,CODIGO,CODIGOPADRE,ACTIVO,CCATALOGO) VALUES (6462,'HEMBRA','H',NULL,1,5008);
INSERT INTO MASCOTAS.TITEM (CITEM,NOMBRE,CODIGO,CODIGOPADRE,ACTIVO,CCATALOGO) VALUES (6463,'NO DEFINIDO','N',NULL,1,5008);

INSERT INTO MASCOTAS.TITEM (CITEM,NOMBRE,CODIGO,CODIGOPADRE,ACTIVO,CCATALOGO) VALUES (6481,'MASCOTA ADOPTADA','ING',NULL,1,5009);
INSERT INTO MASCOTAS.TITEM (CITEM,NOMBRE,CODIGO,CODIGOPADRE,ACTIVO,CCATALOGO) VALUES (6482,'MASCOTA YA EN NUEVO HOGAR','PRO',NULL,1,5009);
INSERT INTO MASCOTAS.TITEM (CITEM,NOMBRE,CODIGO,CODIGOPADRE,ACTIVO,CCATALOGO) VALUES (6483,'ADOPCION ANULADA','ANU',NULL,1,5009);
INSERT INTO MASCOTAS.TITEM (CITEM,NOMBRE,CODIGO,CODIGOPADRE,ACTIVO,CCATALOGO) VALUES (6484,'ADOPCION DEVUELTA','DEV',NULL,1,5009);

INSERT INTO MASCOTAS.TITEM (CITEM,NOMBRE,CODIGO,CODIGOPADRE,ACTIVO,CCATALOGO) VALUES (6501,'PERRO','1',NULL,1,5007);
INSERT INTO MASCOTAS.TITEM (CITEM,NOMBRE,CODIGO,CODIGOPADRE,ACTIVO,CCATALOGO) VALUES (6502,'GATO','2',NULL,1,5007);
INSERT INTO MASCOTAS.TITEM (CITEM,NOMBRE,CODIGO,CODIGOPADRE,ACTIVO,CCATALOGO) VALUES (6503,'TORTUGA','3',NULL,1,5007);
INSERT INTO MASCOTAS.TITEM (CITEM,NOMBRE,CODIGO,CODIGOPADRE,ACTIVO,CCATALOGO) VALUES (6504,'PEZ','4',NULL,1,5007);
INSERT INTO MASCOTAS.TITEM (CITEM,NOMBRE,CODIGO,CODIGOPADRE,ACTIVO,CCATALOGO) VALUES (6505,'HAMSTER','5',NULL,1,5007);
INSERT INTO MASCOTAS.TITEM (CITEM,NOMBRE,CODIGO,CODIGOPADRE,ACTIVO,CCATALOGO) VALUES (6506,'MONO','6',NULL,1,5007);
INSERT INTO MASCOTAS.TITEM (CITEM,NOMBRE,CODIGO,CODIGOPADRE,ACTIVO,CCATALOGO) VALUES (6507,'IGUANA','7',NULL,1,5007);
INSERT INTO MASCOTAS.TITEM (CITEM,NOMBRE,CODIGO,CODIGOPADRE,ACTIVO,CCATALOGO) VALUES (6599,'OTRO','99',NULL,1,5007);

INSERT INTO MASCOTAS.TITEM (CITEM,NOMBRE,CODIGO,CODIGOPADRE,ACTIVO,CCATALOGO) VALUES (6601,'ACTIVO','ACT',NULL,1,5010);
INSERT INTO MASCOTAS.TITEM (CITEM,NOMBRE,CODIGO,CODIGOPADRE,ACTIVO,CCATALOGO) VALUES (6602,'BLOQUEADO','BLQ',NULL,1,5010);
INSERT INTO MASCOTAS.TITEM (CITEM,NOMBRE,CODIGO,CODIGOPADRE,ACTIVO,CCATALOGO) VALUES (6603,'INACTIVO','INA',NULL,1,5010);
INSERT INTO MASCOTAS.TITEM (CITEM,NOMBRE,CODIGO,CODIGOPADRE,ACTIVO,CCATALOGO) VALUES (6604,'CERRADO','CER',NULL,1,5010);

INSERT INTO MASCOTAS.TITEM (CITEM,NOMBRE,ACTIVO,CODIGO,CODIGOPADRE,CCATALOGO) VALUES (6621,'meses','M',NULL,1,5001);
INSERT INTO MASCOTAS.TITEM (CITEM,NOMBRE,ACTIVO,CODIGO,CODIGOPADRE,CCATALOGO) VALUES (6621,'años','A',NULL,1,5001);

COMMIT;
prompt Done.
spool
